{
  "project_info": {
    "project_number": "709733500584",
    "firebase_url": "https://offer-20ff4.firebaseio.com",
    "project_id": "offer-20ff4",
    "storage_bucket": "offer-20ff4.appspot.com"
  },
  "client": [
    {
      "client_info": {
        "mobilesdk_app_id": "1:709733500584:android:5984568cf4bf9058c2e49d",
        "android_client_info": {
          "package_name": "com.example.itp"
        }
      },
      "oauth_client": [
        {
          "client_id": "709733500584-scjgpu73dcsnbhdarqceb9tvsjhimpj3.apps.googleusercontent.com",
          "client_type": 3
        }
      ],
      "api_key": [
        {
          "current_key": "AIzaSyAX5OOJtyVdsQxmYEoLP5is5Pk6sYf5rKE"
        }
      ],
      "services": {
        "appinvite_service": {
          "other_platform_oauth_client": [
            {
              "client_id": "709733500584-scjgpu73dcsnbhdarqceb9tvsjhimpj3.apps.googleusercontent.com",
              "client_type": 3
            }
          ]
        }
      }
    }
  ],
  "configuration_version": "1"
}